125252,motori,,1019840
515382, Motori,RTI DMP - Master Seat - Private > Self-Classification > Consumo Media > Internet > Web > Destinazioni Preferite > TGCom24 > Motori,83200
515427, Altri Motori,RTI DMP - Master Seat - Private > Self-Classification > Consumo Media > Internet > Web > Destinazioni Preferite > Sport Mediaset > Altri Motori,16000
515613, Corse Automobili,RTI DMP - Master Seat - Private > Self-Classification > Hobby e Interessi > Sport > Corse Automobili,180160
515635, Corse Motocicli,RTI DMP - Master Seat - Private > Self-Classification > Hobby e Interessi > Sport > Corse Motocicli,335040
515698, Auto e Moto,RTI DMP - Master Seat - Private > Self-Classification > Hobby e Interessi > Auto e Moto,658560
515699, Automobili,RTI DMP - Master Seat - Private > Self-Classification > Hobby e Interessi > Auto e Moto > Automobili,70400
515701, Cabrio,RTI DMP - Master Seat - Private > Self-Classification > Hobby e Interessi > Auto e Moto > Automobili > Tipo di Auto > Cabrio,0
515702, Coupe,RTI DMP - Master Seat - Private > Self-Classification > Hobby e Interessi > Auto e Moto > Automobili > Tipo di Auto > Coupe,0
515703, Crossover,RTI DMP - Master Seat - Private > Self-Classification > Hobby e Interessi > Auto e Moto > Automobili > Tipo di Auto > Crossover,0
515704, Due Volumi,RTI DMP - Master Seat - Private > Self-Classification > Hobby e Interessi > Auto e Moto > Automobili > Tipo di Auto > Due Volumi,0
515705, Veicolo Elettrico,RTI DMP - Master Seat - Private > Self-Classification > Hobby e Interessi > Auto e Moto > Automobili > Tipo di Auto > Veicolo Elettrico,0
515706, Hybrid,RTI DMP - Master Seat - Private > Self-Classification > Hobby e Interessi > Auto e Moto > Automobili > Tipo di Auto > Hybrid,0
515707, Luxury,RTI DMP - Master Seat - Private > Self-Classification > Hobby e Interessi > Auto e Moto > Automobili > Tipo di Auto > Luxury,0
515708, MiniVan,RTI DMP - Master Seat - Private > Self-Classification > Hobby e Interessi > Auto e Moto > Automobili > Tipo di Auto > MiniVan,0
515709, Off-Road,RTI DMP - Master Seat - Private > Self-Classification > Hobby e Interessi > Auto e Moto > Automobili > Tipo di Auto > Off-Road,0
515710, Pickup,RTI DMP - Master Seat - Private > Self-Classification > Hobby e Interessi > Auto e Moto > Automobili > Tipo di Auto > Pickup,0
515711, Sedan,RTI DMP - Master Seat - Private > Self-Classification > Hobby e Interessi > Auto e Moto > Automobili > Tipo di Auto > Sedan,0
515712, Vintage,RTI DMP - Master Seat - Private > Self-Classification > Hobby e Interessi > Auto e Moto > Automobili > Tipo di Auto > Vintage,0
515713, Wagon,RTI DMP - Master Seat - Private > Self-Classification > Hobby e Interessi > Auto e Moto > Automobili > Tipo di Auto > Wagon,0
515715, BMW,RTI DMP - Master Seat - Private > Self-Classification > Hobby e Interessi > Auto e Moto > Automobili > Brand > BMW,8320
515716, Mercedes,RTI DMP - Master Seat - Private > Self-Classification > Hobby e Interessi > Auto e Moto > Automobili > Brand > Mercedes,7040
515717, Fiat,RTI DMP - Master Seat - Private > Self-Classification > Hobby e Interessi > Auto e Moto > Automobili > Brand > Fiat,18240
515718, Alfa,RTI DMP - Master Seat - Private > Self-Classification > Hobby e Interessi > Auto e Moto > Automobili > Brand > Alfa,13440
515719, Renault,RTI DMP - Master Seat - Private > Self-Classification > Hobby e Interessi > Auto e Moto > Automobili > Brand > Renault,4800
515720, Citroen,RTI DMP - Master Seat - Private > Self-Classification > Hobby e Interessi > Auto e Moto > Automobili > Brand > Citroen,640
515721, Opel,RTI DMP - Master Seat - Private > Self-Classification > Hobby e Interessi > Auto e Moto > Automobili > Brand > Opel,4480
515722, Audi,RTI DMP - Master Seat - Private > Self-Classification > Hobby e Interessi > Auto e Moto > Automobili > Brand > Audi,2880
515723, Porche,RTI DMP - Master Seat - Private > Self-Classification > Hobby e Interessi > Auto e Moto > Automobili > Brand > Porche,0
515724, Ferrari,RTI DMP - Master Seat - Private > Self-Classification > Hobby e Interessi > Auto e Moto > Automobili > Brand > Ferrari,4800
515725, Lamborghini,RTI DMP - Master Seat - Private > Self-Classification > Hobby e Interessi > Auto e Moto > Automobili > Brand > Lamborghini,5440
515726, Toyota,RTI DMP - Master Seat - Private > Self-Classification > Hobby e Interessi > Auto e Moto > Automobili > Brand > Toyota,320
515727, Kia,RTI DMP - Master Seat - Private > Self-Classification > Hobby e Interessi > Auto e Moto > Automobili > Brand > Kia,320
515729, Diesel,RTI DMP - Master Seat - Private > Self-Classification > Hobby e Interessi > Auto e Moto > Automobili > Alimentazione > Diesel,0
515730, Benzina,RTI DMP - Master Seat - Private > Self-Classification > Hobby e Interessi > Auto e Moto > Automobili > Alimentazione > Benzina,0
515731, Elettrica,RTI DMP - Master Seat - Private > Self-Classification > Hobby e Interessi > Auto e Moto > Automobili > Alimentazione > Elettrica,0
515737, Motorino,RTI DMP - Master Seat - Private > Self-Classification > Hobby e Interessi > Auto e Moto > Motorino,5760
515870, Auto,RTI DMP - Master Seat - Private > Self-Classification > Intenzioni > Acquisto > Acquisto Assicurazione > Auto,0
527669, Inifiniti,RTI DMP - Master Seat - Private > Self-Classification > Hobby e Interessi > Auto e Moto > Automobili > Brand > Inifiniti,0
527670, Lancia,RTI DMP - Master Seat - Private > Self-Classification > Hobby e Interessi > Auto e Moto > Automobili > Brand > Lancia,1280
527671, Maserati,RTI DMP - Master Seat - Private > Self-Classification > Hobby e Interessi > Auto e Moto > Automobili > Brand > Maserati,960
527672, Mazda,RTI DMP - Master Seat - Private > Self-Classification > Hobby e Interessi > Auto e Moto > Automobili > Brand > Mazda,1280
527673, Nissan,RTI DMP - Master Seat - Private > Self-Classification > Hobby e Interessi > Auto e Moto > Automobili > Brand > Nissan,0
527674, Subaru,RTI DMP - Master Seat - Private > Self-Classification > Hobby e Interessi > Auto e Moto > Automobili > Brand > Subaru,3200
527675, Suzuki,RTI DMP - Master Seat - Private > Self-Classification > Hobby e Interessi > Auto e Moto > Automobili > Brand > Suzuki,4480
527676, Volvo,RTI DMP - Master Seat - Private > Self-Classification > Hobby e Interessi > Auto e Moto > Automobili > Brand > Volvo,0
527677, Bentley,RTI DMP - Master Seat - Private > Self-Classification > Hobby e Interessi > Auto e Moto > Automobili > Brand > Bentley,0
527678, Land Rover,RTI DMP - Master Seat - Private > Self-Classification > Hobby e Interessi > Auto e Moto > Automobili > Brand > Land Rover,640
527679, Chrysler,RTI DMP - Master Seat - Private > Self-Classification > Hobby e Interessi > Auto e Moto > Automobili > Brand > Chrysler,2880
527680, Jeep,RTI DMP - Master Seat - Private > Self-Classification > Hobby e Interessi > Auto e Moto > Automobili > Brand > Jeep,0
527681, Honda,RTI DMP - Master Seat - Private > Self-Classification > Hobby e Interessi > Auto e Moto > Automobili > Brand > Honda,5760
530710, Volkswagen,RTI DMP - Master Seat - Private > Self-Classification > Hobby e Interessi > Auto e Moto > Automobili > Brand > Volkswagen,7040
